{
  "project_info": {
    "project_number": "527491204541",
    "project_id": "diario-7a6bc",
    "storage_bucket": "diario-7a6bc.firebasestorage.app"
  },
  "client": [
    {
      "client_info": {
        "mobilesdk_app_id": "1:527491204541:android:8ed0659094c83818cd3ed4",
        "android_client_info": {
          "package_name": "com.example.diariodesaludybienestar"
        }
      },
      "oauth_client": [],
      "api_key": [
        {
          "current_key": "AIzaSyBJSsznEvyFEhmPnYxiXJJz0xvmfcRwVA0"
        }
      ],
      "services": {
        "appinvite_service": {
          "other_platform_oauth_client": []
        }
      }
    }
  ],
  "configuration_version": "1"
}